<?xml version="1.0" encoding="UTF-8"?><PlanDefinition xmlns="http://hl7.org/fhir"><id value="PSARecommendation"/><meta><profile value="http://hl7.org/fhir/uv/cpg/StructureDefinition/cpg-recommendationdefinition"/></meta><extension url="http://hl7.org/fhir/uv/cpg/StructureDefinition/cpg-knowledgeCapability"><valueCode value="shareable"/></extension><extension url="http://hl7.org/fhir/uv/cpg/StructureDefinition/cpg-knowledgeCapability"><valueCode value="computable"/></extension><extension url="http://hl7.org/fhir/uv/cpg/StructureDefinition/cpg-knowledgeCapability"><valueCode value="executable"/></extension><extension url="http://hl7.org/fhir/uv/cpg/StructureDefinition/cpg-knowledgeCapability"><valueCode value="publishable"/></extension><url value="https://dhes.github.io/psa-screening/PlanDefinition/PSARecommendation"/><version value="0.1.0"/><name value="PSARecommendation"/><title value="PSA Screening Recommendation"/><type><coding><system value="http://terminology.hl7.org/CodeSystem/plan-definition-type"/><code value="eca-rule"/><display value="ECA Rule"/></coding></type><status value="active"/><experimental value="true"/><date value="2024-08-29"/><publisher value="Dan Heslinga"/><contact><telecom><system value="email"/><value value="drdan@heslingamd.com"/></telecom></contact><description value="PSA Screening Recommendation"/><jurisdiction><coding><system value="urn:iso:std:iso:316"/><code value="US"/></coding></jurisdiction><copyright value="2024+ Dan Heslinga, all rights reserved Creative Commons License"/><library value="https://dhes.cds.prostate-cancer-screening/Library/PSARecommendation"/><action><title value="Evaluate PSA Screening"/><description value="Determine whether PSA screening should be ordered."/><trigger><type value="named-event"/><name value="patient-view"/></trigger><condition><kind value="applicability"/><expression><language value="text/cql-identifier"/><expression value="Tickle"/></expression></condition><dynamicValue><path value="action.description"/><expression><language value="text/cql-identifier"/><expression value="Reminder"/></expression></dynamicValue></action></PlanDefinition>