<?xml version="1.0" encoding="UTF-8"?>

<PlanDefinition xmlns="http://hl7.org/fhir">
  <id value="PSARecommendation"/>
  <meta>
    <profile value="http://hl7.org/fhir/uv/cpg/StructureDefinition/cpg-recommendationdefinition"/>
  </meta>
  <text>
    <status value="extensions"/><div xmlns="http://www.w3.org/1999/xhtml"><p class="res-header-id"><b>Generated Narrative: PlanDefinition PSARecommendation</b></p><a name="PSARecommendation"> </a><a name="hcPSARecommendation"> </a><a name="PSARecommendation-en-US"> </a><p><b>org/fhir/uv/cpg/StructureDefinition/cpg-knowledgeCapability</b>: shareable</p><p><b>org/fhir/uv/cpg/StructureDefinition/cpg-knowledgeCapability</b>: computable</p><p><b>org/fhir/uv/cpg/StructureDefinition/cpg-knowledgeCapability</b>: executable</p><p><b>org/fhir/uv/cpg/StructureDefinition/cpg-knowledgeCapability</b>: publishable</p><p><b>url</b>: <a href="PlanDefinition-PSARecommendation.html">PlanDefinition PSA Screening Recommendation</a></p><p><b>version</b>: 0.1.0</p><p><b>name</b>: PSARecommendation</p><p><b>title</b>: PSA Screening Recommendation</p><p><b>type</b>: <span title="Codes:{http://terminology.hl7.org/CodeSystem/plan-definition-type eca-rule}">ECA Rule</span></p><p><b>status</b>: Active</p><p><b>experimental</b>: true</p><p><b>date</b>: 2024-08-29</p><p><b>publisher</b>: Dan Heslinga</p><p><b>contact</b>: <a href="mailto:drdan@heslingamd.com">drdan@heslingamd.com</a></p><p><b>description</b>: </p><div><p>PSA Screening Recommendation</p>
</div><p><b>jurisdiction</b>: <span title="Codes:{urn:iso:std:iso:316 US}">US</span></p><p><b>copyright</b>: </p><div><p>2024+ Dan Heslinga, all rights reserved Creative Commons License</p>
</div><p><b>library</b>: <a href="Library-PSARecommendation.html">PSARecommendation</a></p><blockquote><p><b>action</b></p><p><b>title</b>: Evaluate PSA Screening</p><p><b>description</b>: Determine whether PSA screening should be ordered.</p><h3>Triggers</h3><table class="grid"><tr><td style="display: none">-</td><td><b>Type</b></td><td><b>Name</b></td></tr><tr><td style="display: none">*</td><td>Named Event</td><td>patient-view</td></tr></table><blockquote><p><b>condition</b></p><p><b>kind</b>: Applicability</p><h3>Expressions</h3><table class="grid"><tr><td style="display: none">-</td><td><b>Language</b></td><td><b>Expression</b></td></tr><tr><td style="display: none">*</td><td>text/cql-identifier</td><td>Tickle</td></tr></table></blockquote><blockquote><p><b>dynamicValue</b></p><p><b>path</b>: action.description</p><h3>Expressions</h3><table class="grid"><tr><td style="display: none">-</td><td><b>Language</b></td><td><b>Expression</b></td></tr><tr><td style="display: none">*</td><td>text/cql-identifier</td><td>Reminder</td></tr></table></blockquote></blockquote></div>
  </text>
  <extension url="http://hl7.org/fhir/uv/cpg/StructureDefinition/cpg-knowledgeCapability">
    <valueCode value="shareable"/>
  </extension>
  <extension url="http://hl7.org/fhir/uv/cpg/StructureDefinition/cpg-knowledgeCapability">
    <valueCode value="computable"/>
  </extension>
  <extension url="http://hl7.org/fhir/uv/cpg/StructureDefinition/cpg-knowledgeCapability">
    <valueCode value="executable"/>
  </extension>
  <extension url="http://hl7.org/fhir/uv/cpg/StructureDefinition/cpg-knowledgeCapability">
    <valueCode value="publishable"/>
  </extension>
  <url value="https://dhes.github.io/psa-screening/PlanDefinition/PSARecommendation"/>
  <version value="0.1.0"/>
  <name value="PSARecommendation"/>
  <title value="PSA Screening Recommendation"/>
  <type>
    <coding>
      <system value="http://terminology.hl7.org/CodeSystem/plan-definition-type"/>
      <code value="eca-rule"/>
      <display value="ECA Rule"/>
    </coding>
  </type>
  <status value="active"/>
  <experimental value="true"/>
  <date value="2024-08-29"/>
  <publisher value="Dan Heslinga"/>
  <contact>
    <telecom>
      <system value="email"/>
      <value value="drdan@heslingamd.com"/>
    </telecom>
  </contact>
  <description value="PSA Screening Recommendation"/>
  <jurisdiction>
    <coding>
      <system value="urn:iso:std:iso:316"/>
      <code value="US"/>
    </coding>
  </jurisdiction>
  <copyright value="2024+ Dan Heslinga, all rights reserved Creative Commons License"/>
  <library value="https://dhes.github.io/psa-screening/Library/PSARecommendation"/>
  <action>
    <title value="Evaluate PSA Screening"/>
    <description value="Determine whether PSA screening should be ordered."/>
    <trigger>
      <type value="named-event"/>
      <name value="patient-view"/>
    </trigger>
    <condition>
      <kind value="applicability"/>
      <expression>
        <language value="text/cql-identifier"/>
        <expression value="Tickle"/>
      </expression>
    </condition>
    <dynamicValue>
      <path value="action.description"/>
      <expression>
        <language value="text/cql-identifier"/>
        <expression value="Reminder"/>
      </expression>
    </dynamicValue>
  </action>
</PlanDefinition>