[
  {
    "id" : "PSARecommendation",
    "type" : "Library",
    "url" : "https://dhes.cds.prostate-cancer-screening/Library/PSARecommendation",
    "version" : "0.1.0",
    "name" : "PSARecommendation"
  },
  {
    "id" : "hl7.fhir.us.dhes.prostate-cancer-screening",
    "type" : "ImplementationGuide",
    "url" : "https://dhes.github.io/psa-screening/ImplementationGuide/hl7.fhir.us.dhes.prostate-cancer-screening",
    "version" : "0.1.0",
    "name" : "ProstateCancerScreening"
  },
  {
    "id" : "PSARecommendation",
    "type" : "PlanDefinition",
    "url" : "https://dhes.github.io/psa-screening/PlanDefinition/PSARecommendation",
    "version" : "0.1.0",
    "name" : "PSARecommendation"
  }
]
