<?xml version="1.0" encoding="UTF-8"?>

<Patient xmlns="http://hl7.org/fhir">
  <id value="psa-female"/>
  <text>
    <status value="generated"/><div xmlns="http://www.w3.org/1999/xhtml"><p class="res-header-id"><b>Generated Narrative: Patient psa-female</b></p><a name="psa-female"> </a><a name="hcpsa-female"> </a><a name="psa-female-en-US"> </a><p style="border: 1px #661aff solid; background-color: #e6e6ff; padding: 10px;">Eve Everywoman (official) Female, DoB: 1964-05-31</p><hr/><table class="grid"><tr><td style="background-color: #f3f5da" title="Record is active">Active:</td><td colspan="3">true</td></tr></table></div>
  </text>
  <extension url="http://hl7.org/fhir/us/core/StructureDefinition/us-core-birthsex">
    <valueCode value="F"/>
  </extension>
  <active value="true"/>
  <name>
    <use value="official"/>
    <family value="Everywoman"/>
    <given value="Eve"/>
  </name>
  <gender value="female"/>
  <birthDate value="1964-05-31"/>
</Patient>