{"resourceType":"PlanDefinition","id":"PSARecommendation","meta":{"profile":["http://hl7.org/fhir/uv/cpg/StructureDefinition/cpg-recommendationdefinition"]},"extension":[{"url":"http://hl7.org/fhir/uv/cpg/StructureDefinition/cpg-knowledgeCapability","valueCode":"shareable"},{"url":"http://hl7.org/fhir/uv/cpg/StructureDefinition/cpg-knowledgeCapability","valueCode":"computable"},{"url":"http://hl7.org/fhir/uv/cpg/StructureDefinition/cpg-knowledgeCapability","valueCode":"executable"},{"url":"http://hl7.org/fhir/uv/cpg/StructureDefinition/cpg-knowledgeCapability","valueCode":"publishable"}],"url":"https://dhes.github.io/psa-screening/PlanDefinition/PSARecommendation","version":"0.1.0","name":"PSARecommendation","title":"PSA Screening Recommendation","type":{"coding":[{"system":"http://terminology.hl7.org/CodeSystem/plan-definition-type","code":"eca-rule","display":"ECA Rule"}]},"status":"active","experimental":true,"date":"2024-08-29","publisher":"Dan Heslinga","contact":[{"telecom":[{"system":"email","value":"drdan@heslingamd.com"}]}],"description":"PSA Screening Recommendation","jurisdiction":[{"coding":[{"system":"urn:iso:std:iso:316","code":"US"}]}],"copyright":"2024+ Dan Heslinga, all rights reserved Creative Commons License","library":["https://dhes.cds.prostate-cancer-screening/Library/PSARecommendation"],"action":[{"title":"Evaluate PSA Screening","description":"Determine whether PSA screening should be ordered.","trigger":[{"type":"named-event","name":"patient-view"}],"condition":[{"kind":"applicability","expression":{"language":"text/cql-identifier","expression":"Tickle"}}],"dynamicValue":[{"path":"action.description","expression":{"language":"text/cql-identifier","expression":"Reminder"}}]}]}