{
  "resourceType" : "PlanDefinition",
  "id" : "PSARecommendation",
  "meta" : {
    "profile" : ["http://hl7.org/fhir/uv/cpg/StructureDefinition/cpg-recommendationdefinition"]
  },
  "text" : {
    "status" : "extensions",
    "div" : "<div xmlns=\"http://www.w3.org/1999/xhtml\"><p class=\"res-header-id\"><b>Generated Narrative: PlanDefinition PSARecommendation</b></p><a name=\"PSARecommendation\"> </a><a name=\"hcPSARecommendation\"> </a><a name=\"PSARecommendation-en-US\"> </a><p><b>org/fhir/uv/cpg/StructureDefinition/cpg-knowledgeCapability</b>: shareable</p><p><b>org/fhir/uv/cpg/StructureDefinition/cpg-knowledgeCapability</b>: computable</p><p><b>org/fhir/uv/cpg/StructureDefinition/cpg-knowledgeCapability</b>: executable</p><p><b>org/fhir/uv/cpg/StructureDefinition/cpg-knowledgeCapability</b>: publishable</p><p><b>url</b>: <a href=\"PlanDefinition-PSARecommendation.html\">PlanDefinition PSA Screening Recommendation</a></p><p><b>version</b>: 0.1.0</p><p><b>name</b>: PSARecommendation</p><p><b>title</b>: PSA Screening Recommendation</p><p><b>type</b>: <span title=\"Codes:{http://terminology.hl7.org/CodeSystem/plan-definition-type eca-rule}\">ECA Rule</span></p><p><b>status</b>: Active</p><p><b>experimental</b>: true</p><p><b>date</b>: 2024-08-29</p><p><b>publisher</b>: Dan Heslinga</p><p><b>contact</b>: <a href=\"mailto:drdan@heslingamd.com\">drdan@heslingamd.com</a></p><p><b>description</b>: </p><div><p>PSA Screening Recommendation</p>\n</div><p><b>jurisdiction</b>: <span title=\"Codes:{urn:iso:std:iso:316 US}\">US</span></p><p><b>copyright</b>: </p><div><p>2024+ Dan Heslinga, all rights reserved Creative Commons License</p>\n</div><p><b>library</b>: <a href=\"Library-PSARecommendation.html\">PSARecommendation</a></p><blockquote><p><b>action</b></p><p><b>title</b>: Evaluate PSA Screening</p><p><b>description</b>: Determine whether PSA screening should be ordered.</p><h3>Triggers</h3><table class=\"grid\"><tr><td style=\"display: none\">-</td><td><b>Type</b></td><td><b>Name</b></td></tr><tr><td style=\"display: none\">*</td><td>Named Event</td><td>patient-view</td></tr></table><blockquote><p><b>condition</b></p><p><b>kind</b>: Applicability</p><h3>Expressions</h3><table class=\"grid\"><tr><td style=\"display: none\">-</td><td><b>Language</b></td><td><b>Expression</b></td></tr><tr><td style=\"display: none\">*</td><td>text/cql-identifier</td><td>Tickle</td></tr></table></blockquote><blockquote><p><b>dynamicValue</b></p><p><b>path</b>: action.description</p><h3>Expressions</h3><table class=\"grid\"><tr><td style=\"display: none\">-</td><td><b>Language</b></td><td><b>Expression</b></td></tr><tr><td style=\"display: none\">*</td><td>text/cql-identifier</td><td>Reminder</td></tr></table></blockquote></blockquote></div>"
  },
  "extension" : [{
    "url" : "http://hl7.org/fhir/uv/cpg/StructureDefinition/cpg-knowledgeCapability",
    "valueCode" : "shareable"
  },
  {
    "url" : "http://hl7.org/fhir/uv/cpg/StructureDefinition/cpg-knowledgeCapability",
    "valueCode" : "computable"
  },
  {
    "url" : "http://hl7.org/fhir/uv/cpg/StructureDefinition/cpg-knowledgeCapability",
    "valueCode" : "executable"
  },
  {
    "url" : "http://hl7.org/fhir/uv/cpg/StructureDefinition/cpg-knowledgeCapability",
    "valueCode" : "publishable"
  }],
  "url" : "https://dhes.cds.prostate-cancer-screening/PlanDefinition/PSARecommendation",
  "version" : "0.1.0",
  "name" : "PSARecommendation",
  "title" : "PSA Screening Recommendation",
  "type" : {
    "coding" : [{
      "system" : "http://terminology.hl7.org/CodeSystem/plan-definition-type",
      "code" : "eca-rule",
      "display" : "ECA Rule"
    }]
  },
  "status" : "active",
  "experimental" : true,
  "date" : "2024-08-29",
  "publisher" : "Dan Heslinga",
  "contact" : [{
    "telecom" : [{
      "system" : "email",
      "value" : "drdan@heslingamd.com"
    }]
  }],
  "description" : "PSA Screening Recommendation",
  "jurisdiction" : [{
    "coding" : [{
      "system" : "urn:iso:std:iso:316",
      "code" : "US"
    }]
  }],
  "copyright" : "2024+ Dan Heslinga, all rights reserved Creative Commons License",
  "library" : ["https://dhes.cds.prostate-cancer-screening/Library/PSARecommendation"],
  "action" : [{
    "title" : "Evaluate PSA Screening",
    "description" : "Determine whether PSA screening should be ordered.",
    "trigger" : [{
      "type" : "named-event",
      "name" : "patient-view"
    }],
    "condition" : [{
      "kind" : "applicability",
      "expression" : {
        "language" : "text/cql-identifier",
        "expression" : "Tickle"
      }
    }],
    "dynamicValue" : [{
      "path" : "action.description",
      "expression" : {
        "language" : "text/cql-identifier",
        "expression" : "Reminder"
      }
    }]
  }]
}